-- MySQL dump 10.13  Distrib 8.1.0, for Win64 (x86_64)
--
-- Host: localhost    Database: lms
-- ------------------------------------------------------
-- Server version	8.1.0

/*!40101 SET @OLD_CHARACTER_SET_CLIENT=@@CHARACTER_SET_CLIENT */;
/*!40101 SET @OLD_CHARACTER_SET_RESULTS=@@CHARACTER_SET_RESULTS */;
/*!40101 SET @OLD_COLLATION_CONNECTION=@@COLLATION_CONNECTION */;
/*!50503 SET NAMES utf8mb4 */;
/*!40103 SET @OLD_TIME_ZONE=@@TIME_ZONE */;
/*!40103 SET TIME_ZONE='+00:00' */;
/*!40014 SET @OLD_UNIQUE_CHECKS=@@UNIQUE_CHECKS, UNIQUE_CHECKS=0 */;
/*!40014 SET @OLD_FOREIGN_KEY_CHECKS=@@FOREIGN_KEY_CHECKS, FOREIGN_KEY_CHECKS=0 */;
/*!40101 SET @OLD_SQL_MODE=@@SQL_MODE, SQL_MODE='NO_AUTO_VALUE_ON_ZERO' */;
/*!40111 SET @OLD_SQL_NOTES=@@SQL_NOTES, SQL_NOTES=0 */;

--
-- Table structure for table `books`
--

DROP TABLE IF EXISTS `books`;
/*!40101 SET @saved_cs_client     = @@character_set_client */;
/*!50503 SET character_set_client = utf8mb4 */;
CREATE TABLE `books` (
  `book_id` int NOT NULL AUTO_INCREMENT,
  `title` varchar(100) NOT NULL,
  `author` varchar(100) NOT NULL,
  `category` varchar(50) NOT NULL,
  `stocks` int NOT NULL,
  PRIMARY KEY (`book_id`)
) ENGINE=InnoDB AUTO_INCREMENT=4 DEFAULT CHARSET=utf8mb4 COLLATE=utf8mb4_0900_ai_ci;
/*!40101 SET character_set_client = @saved_cs_client */;

--
-- Dumping data for table `books`
--

LOCK TABLES `books` WRITE;
/*!40000 ALTER TABLE `books` DISABLE KEYS */;
INSERT INTO `books` VALUES (1,'Book Title 1','Author 1','Fiction',4),(2,'Book Title 2','Author 2','Science',6),(3,'Book Title 3','Author 3','Non-Fiction',2);
/*!40000 ALTER TABLE `books` ENABLE KEYS */;
UNLOCK TABLES;

--
-- Table structure for table `borrowings`
--

DROP TABLE IF EXISTS `borrowings`;
/*!40101 SET @saved_cs_client     = @@character_set_client */;
/*!50503 SET character_set_client = utf8mb4 */;
CREATE TABLE `borrowings` (
  `borrowing_id` int NOT NULL AUTO_INCREMENT,
  `user_id` int NOT NULL,
  `book_id` int NOT NULL,
  `borrow_date` date DEFAULT NULL,
  `due_date` date NOT NULL,
  `return_date` date DEFAULT NULL,
  PRIMARY KEY (`borrowing_id`),
  KEY `user_id` (`user_id`),
  KEY `book_id` (`book_id`),
  CONSTRAINT `borrowings_ibfk_1` FOREIGN KEY (`user_id`) REFERENCES `users` (`user_id`) ON DELETE CASCADE,
  CONSTRAINT `borrowings_ibfk_2` FOREIGN KEY (`book_id`) REFERENCES `books` (`book_id`) ON DELETE CASCADE
) ENGINE=InnoDB AUTO_INCREMENT=17 DEFAULT CHARSET=utf8mb4 COLLATE=utf8mb4_0900_ai_ci;
/*!40101 SET character_set_client = @saved_cs_client */;

--
-- Dumping data for table `borrowings`
--

LOCK TABLES `borrowings` WRITE;
/*!40000 ALTER TABLE `borrowings` DISABLE KEYS */;
INSERT INTO `borrowings` VALUES (1,1,1,'2023-01-05','2023-01-15','2023-01-12'),(2,2,2,'2023-02-10','2023-02-20','2023-12-21'),(8,2,3,'2023-12-21','2023-11-08','2023-12-21'),(10,3,2,'2023-12-21','2023-12-20','2023-12-21'),(11,2,3,'2023-12-21','2023-10-17','2023-12-21'),(12,2,3,'2023-12-21','2023-11-08','2023-12-21'),(13,2,3,'2023-12-21','2023-12-07','2023-12-21'),(16,5,3,'2023-12-21','2023-12-01','2023-12-21');
/*!40000 ALTER TABLE `borrowings` ENABLE KEYS */;
UNLOCK TABLES;
/*!50003 SET @saved_cs_client      = @@character_set_client */ ;
/*!50003 SET @saved_cs_results     = @@character_set_results */ ;
/*!50003 SET @saved_col_connection = @@collation_connection */ ;
/*!50003 SET character_set_client  = utf8mb4 */ ;
/*!50003 SET character_set_results = utf8mb4 */ ;
/*!50003 SET collation_connection  = utf8mb4_0900_ai_ci */ ;
/*!50003 SET @saved_sql_mode       = @@sql_mode */ ;
/*!50003 SET sql_mode              = 'ONLY_FULL_GROUP_BY,STRICT_TRANS_TABLES,NO_ZERO_IN_DATE,NO_ZERO_DATE,ERROR_FOR_DIVISION_BY_ZERO,NO_ENGINE_SUBSTITUTION' */ ;
DELIMITER ;;
/*!50003 CREATE*/ /*!50017 DEFINER=`root`@`localhost`*/ /*!50003 TRIGGER `before_borrow_insert` BEFORE INSERT ON `borrowings` FOR EACH ROW BEGIN
    DECLARE available_stock INT;
    SELECT stocks INTO available_stock FROM books WHERE book_id = NEW.book_id;
    
    IF available_stock > 0 THEN
        UPDATE books SET stocks = stocks - 1 WHERE book_id = NEW.book_id;
    END IF;
END */;;
DELIMITER ;
/*!50003 SET sql_mode              = @saved_sql_mode */ ;
/*!50003 SET character_set_client  = @saved_cs_client */ ;
/*!50003 SET character_set_results = @saved_cs_results */ ;
/*!50003 SET collation_connection  = @saved_col_connection */ ;
/*!50003 SET @saved_cs_client      = @@character_set_client */ ;
/*!50003 SET @saved_cs_results     = @@character_set_results */ ;
/*!50003 SET @saved_col_connection = @@collation_connection */ ;
/*!50003 SET character_set_client  = utf8mb4 */ ;
/*!50003 SET character_set_results = utf8mb4 */ ;
/*!50003 SET collation_connection  = utf8mb4_0900_ai_ci */ ;
/*!50003 SET @saved_sql_mode       = @@sql_mode */ ;
/*!50003 SET sql_mode              = 'ONLY_FULL_GROUP_BY,STRICT_TRANS_TABLES,NO_ZERO_IN_DATE,NO_ZERO_DATE,ERROR_FOR_DIVISION_BY_ZERO,NO_ENGINE_SUBSTITUTION' */ ;
DELIMITER ;;
/*!50003 CREATE*/ /*!50017 DEFINER=`root`@`localhost`*/ /*!50003 TRIGGER `set_default_borrow_date` BEFORE INSERT ON `borrowings` FOR EACH ROW BEGIN
     IF NEW.borrow_date IS NULL THEN
		SET NEW.borrow_date = CURRENT_DATE();
     END IF; 
END */;;
DELIMITER ;
/*!50003 SET sql_mode              = @saved_sql_mode */ ;
/*!50003 SET character_set_client  = @saved_cs_client */ ;
/*!50003 SET character_set_results = @saved_cs_results */ ;
/*!50003 SET collation_connection  = @saved_col_connection */ ;
/*!50003 SET @saved_cs_client      = @@character_set_client */ ;
/*!50003 SET @saved_cs_results     = @@character_set_results */ ;
/*!50003 SET @saved_col_connection = @@collation_connection */ ;
/*!50003 SET character_set_client  = utf8mb4 */ ;
/*!50003 SET character_set_results = utf8mb4 */ ;
/*!50003 SET collation_connection  = utf8mb4_0900_ai_ci */ ;
/*!50003 SET @saved_sql_mode       = @@sql_mode */ ;
/*!50003 SET sql_mode              = 'ONLY_FULL_GROUP_BY,STRICT_TRANS_TABLES,NO_ZERO_IN_DATE,NO_ZERO_DATE,ERROR_FOR_DIVISION_BY_ZERO,NO_ENGINE_SUBSTITUTION' */ ;
DELIMITER ;;
/*!50003 CREATE*/ /*!50017 DEFINER=`root`@`localhost`*/ /*!50003 TRIGGER `after_return_update` AFTER UPDATE ON `borrowings` FOR EACH ROW BEGIN     
	IF NEW.return_date IS NOT NULL AND OLD.return_date IS NULL THEN
    UPDATE books SET stocks = stocks + 1 WHERE book_id = NEW.book_id;
    END IF; 
END */;;
DELIMITER ;
/*!50003 SET sql_mode              = @saved_sql_mode */ ;
/*!50003 SET character_set_client  = @saved_cs_client */ ;
/*!50003 SET character_set_results = @saved_cs_results */ ;
/*!50003 SET collation_connection  = @saved_col_connection */ ;
/*!50003 SET @saved_cs_client      = @@character_set_client */ ;
/*!50003 SET @saved_cs_results     = @@character_set_results */ ;
/*!50003 SET @saved_col_connection = @@collation_connection */ ;
/*!50003 SET character_set_client  = utf8mb4 */ ;
/*!50003 SET character_set_results = utf8mb4 */ ;
/*!50003 SET collation_connection  = utf8mb4_0900_ai_ci */ ;
/*!50003 SET @saved_sql_mode       = @@sql_mode */ ;
/*!50003 SET sql_mode              = 'ONLY_FULL_GROUP_BY,STRICT_TRANS_TABLES,NO_ZERO_IN_DATE,NO_ZERO_DATE,ERROR_FOR_DIVISION_BY_ZERO,NO_ENGINE_SUBSTITUTION' */ ;
DELIMITER ;;
/*!50003 CREATE*/ /*!50017 DEFINER=`root`@`localhost`*/ /*!50003 TRIGGER `calculate_fine` AFTER UPDATE ON `borrowings` FOR EACH ROW BEGIN
   IF OLD.return_date IS NULL AND NEW.return_date > NEW.due_date THEN
        SET @fine_amount = DATEDIFF(NEW.return_date, NEW.due_date) * 100;
        INSERT INTO fines (user_id, borrowing_id, fine_amount, paid)
        VALUES (NEW.user_id, NEW.borrowing_id, @fine_amount, 0);
    END IF;
END */;;
DELIMITER ;
/*!50003 SET sql_mode              = @saved_sql_mode */ ;
/*!50003 SET character_set_client  = @saved_cs_client */ ;
/*!50003 SET character_set_results = @saved_cs_results */ ;
/*!50003 SET collation_connection  = @saved_col_connection */ ;

--
-- Table structure for table `fines`
--

DROP TABLE IF EXISTS `fines`;
/*!40101 SET @saved_cs_client     = @@character_set_client */;
/*!50503 SET character_set_client = utf8mb4 */;
CREATE TABLE `fines` (
  `fine_id` int NOT NULL AUTO_INCREMENT,
  `user_id` int NOT NULL,
  `borrowing_id` int NOT NULL,
  `fine_amount` decimal(8,2) DEFAULT NULL,
  `paid` tinyint(1) NOT NULL,
  PRIMARY KEY (`fine_id`),
  KEY `user_id` (`user_id`),
  KEY `borrowing_id` (`borrowing_id`),
  CONSTRAINT `fines_ibfk_1` FOREIGN KEY (`user_id`) REFERENCES `users` (`user_id`) ON DELETE CASCADE,
  CONSTRAINT `fines_ibfk_2` FOREIGN KEY (`borrowing_id`) REFERENCES `borrowings` (`borrowing_id`) ON DELETE CASCADE
) ENGINE=InnoDB AUTO_INCREMENT=9 DEFAULT CHARSET=utf8mb4 COLLATE=utf8mb4_0900_ai_ci;
/*!40101 SET character_set_client = @saved_cs_client */;

--
-- Dumping data for table `fines`
--

LOCK TABLES `fines` WRITE;
/*!40000 ALTER TABLE `fines` DISABLE KEYS */;
INSERT INTO `fines` VALUES (1,1,1,10.50,1),(2,2,2,5.25,0),(4,3,10,100.00,0),(5,2,11,6500.00,0),(6,2,13,1400.00,1),(8,5,16,2000.00,1);
/*!40000 ALTER TABLE `fines` ENABLE KEYS */;
UNLOCK TABLES;

--
-- Table structure for table `reservations`
--

DROP TABLE IF EXISTS `reservations`;
/*!40101 SET @saved_cs_client     = @@character_set_client */;
/*!50503 SET character_set_client = utf8mb4 */;
CREATE TABLE `reservations` (
  `reservation_id` int NOT NULL AUTO_INCREMENT,
  `user_id` int NOT NULL,
  `book_id` int NOT NULL,
  `reservation_date` date NOT NULL,
  PRIMARY KEY (`reservation_id`),
  KEY `user_id` (`user_id`),
  KEY `book_id` (`book_id`),
  CONSTRAINT `reservations_ibfk_1` FOREIGN KEY (`user_id`) REFERENCES `users` (`user_id`) ON DELETE CASCADE,
  CONSTRAINT `reservations_ibfk_2` FOREIGN KEY (`book_id`) REFERENCES `books` (`book_id`) ON DELETE CASCADE
) ENGINE=InnoDB AUTO_INCREMENT=5 DEFAULT CHARSET=utf8mb4 COLLATE=utf8mb4_0900_ai_ci;
/*!40101 SET character_set_client = @saved_cs_client */;

--
-- Dumping data for table `reservations`
--

LOCK TABLES `reservations` WRITE;
/*!40000 ALTER TABLE `reservations` DISABLE KEYS */;
INSERT INTO `reservations` VALUES (1,1,2,'2023-01-02'),(2,2,3,'2023-02-15'),(3,3,1,'2023-03-20'),(4,5,3,'2023-12-21');
/*!40000 ALTER TABLE `reservations` ENABLE KEYS */;
UNLOCK TABLES;

--
-- Temporary view structure for view `user_view`
--

DROP TABLE IF EXISTS `user_view`;
/*!50001 DROP VIEW IF EXISTS `user_view`*/;
SET @saved_cs_client     = @@character_set_client;
/*!50503 SET character_set_client = utf8mb4 */;
/*!50001 CREATE VIEW `user_view` AS SELECT 
 1 AS `user_id`,
 1 AS `username`*/;
SET character_set_client = @saved_cs_client;

--
-- Table structure for table `users`
--

DROP TABLE IF EXISTS `users`;
/*!40101 SET @saved_cs_client     = @@character_set_client */;
/*!50503 SET character_set_client = utf8mb4 */;
CREATE TABLE `users` (
  `user_id` int NOT NULL AUTO_INCREMENT,
  `username` varchar(50) NOT NULL,
  `password` varchar(50) NOT NULL,
  `role` enum('librarian','user') NOT NULL DEFAULT 'user',
  PRIMARY KEY (`user_id`)
) ENGINE=InnoDB AUTO_INCREMENT=6 DEFAULT CHARSET=utf8mb4 COLLATE=utf8mb4_0900_ai_ci;
/*!40101 SET character_set_client = @saved_cs_client */;

--
-- Dumping data for table `users`
--

LOCK TABLES `users` WRITE;
/*!40000 ALTER TABLE `users` DISABLE KEYS */;
INSERT INTO `users` VALUES (1,'morax','123123','librarian'),(2,'user1','password1','user'),(3,'user2','password2','user'),(5,'user5','123123','user');
/*!40000 ALTER TABLE `users` ENABLE KEYS */;
UNLOCK TABLES;

--
-- Final view structure for view `user_view`
--

/*!50001 DROP VIEW IF EXISTS `user_view`*/;
/*!50001 SET @saved_cs_client          = @@character_set_client */;
/*!50001 SET @saved_cs_results         = @@character_set_results */;
/*!50001 SET @saved_col_connection     = @@collation_connection */;
/*!50001 SET character_set_client      = utf8mb4 */;
/*!50001 SET character_set_results     = utf8mb4 */;
/*!50001 SET collation_connection      = utf8mb4_0900_ai_ci */;
/*!50001 CREATE ALGORITHM=UNDEFINED */
/*!50013 DEFINER=`root`@`localhost` SQL SECURITY DEFINER */
/*!50001 VIEW `user_view` AS select `users`.`user_id` AS `user_id`,`users`.`username` AS `username` from `users` */;
/*!50001 SET character_set_client      = @saved_cs_client */;
/*!50001 SET character_set_results     = @saved_cs_results */;
/*!50001 SET collation_connection      = @saved_col_connection */;
/*!40103 SET TIME_ZONE=@OLD_TIME_ZONE */;

/*!40101 SET SQL_MODE=@OLD_SQL_MODE */;
/*!40014 SET FOREIGN_KEY_CHECKS=@OLD_FOREIGN_KEY_CHECKS */;
/*!40014 SET UNIQUE_CHECKS=@OLD_UNIQUE_CHECKS */;
/*!40101 SET CHARACTER_SET_CLIENT=@OLD_CHARACTER_SET_CLIENT */;
/*!40101 SET CHARACTER_SET_RESULTS=@OLD_CHARACTER_SET_RESULTS */;
/*!40101 SET COLLATION_CONNECTION=@OLD_COLLATION_CONNECTION */;
/*!40111 SET SQL_NOTES=@OLD_SQL_NOTES */;

-- Dump completed on 2023-12-21 21:49:57
